,Burst Duration (s),Burst Probability (%),Medication
0,0.1,26.964769647696478,OFF
1,0.2,34.010840108401084,OFF
2,0.3,17.75067750677507,OFF
3,0.4,9.620596205962059,OFF
4,0.5,4.607046070460704,OFF
5,0.6,4.065040650406504,OFF
6,0.7,1.084010840108401,OFF
7,0.8,1.084010840108401,OFF
8,0.9,0.27100271002710025,OFF
9,1.0,0.0,OFF
10,1.1,0.4065040650406504,OFF
11,1.2,0.0,OFF
12,>1.2,0.13550135501355012,OFF
